43815,hsa-mir-224
60606,hsa-mir-33a
5329102,hsa-mir-875
38904,hsa-mir-7-3
285033,hsa-mir-490
41867,hsa-mir-1183
25183872,hsa-mir-200b
5311,hsa-mir-1228
36314,hsa-mir-520b
6505803,hsa-mir-579
10635,hsa-mir-506
104741,hsa-mir-637
43815,hsa-mir-938
30323,hsa-mir-1249
23725625,hsa-mir-518c
460612,hsa-mir-1261
5865,hsa-mir-921
216239,hsa-mir-320e
60606,hsa-mir-3163
45266826,hsa-mir-4492
5311272,hsa-mir-301b
5280961,hsa-mir-744
444732,hsa-mir-626
9903,hsa-mir-378i
285033,hsa-mir-659
24180719,hsa-mir-374b
57347814,hsa-mir-579
5310940,hsa-mir-452
36314,hsa-mir-624
3385,hsa-mir-1293
2578,hsa-mir-1257
5360373,hsa-mir-519e
5746,hsa-mir-488
3062316,hsa-mir-449a
5311272,hsa-mir-3126
5310940,hsa-mir-4535
3101,hsa-mir-320a
72301,hsa-mir-1304
57347814,hsa-mir-92b
657237,hsa-mir-542
65348,hsa-mir-2114
126941,hsa-mir-28
442972,hsa-mir-342
3006531,hsa-mir-29c
285033,hsa-mir-4787
2051,hsa-mir-520c
104842,hsa-mir-4758
6253,hsa-mir-4497
285033,hsa-mir-33b
3657,hsa-mir-99b
9826528,hsa-mir-4665
24978538,hsa-mir-4447
9826528,hsa-mir-1238
5329102,hsa-mir-455
5311,hsa-mir-362
216239,hsa-mir-942
36462,hsa-mir-483
5755,hsa-mir-658
5394,hsa-mir-4508
3657,hsa-mir-3654
176870,hsa-mir-520c
784,hsa-mir-449a
24360,hsa-mir-183
24360,hsa-mir-422a
969516,hsa-mir-487a
448013,hsa-mir-4448
444732,hsa-mir-4476
9931953,hsa-mir-510
241903,hsa-mir-24-2
176870,hsa-mir-601
2051,hsa-mir-4427
5978,hsa-mir-4319
241903,hsa-mir-30b
97226,hsa-mir-331
36462,hsa-mir-4261
5284616,hsa-mir-3178
216239,hsa-mir-466
2051,hsa-mir-668
5360373,hsa-mir-4664
1548943,hsa-mir-106a
5311,hsa-mir-485
97226,hsa-mir-3665
122724,hsa-mir-654
60780,hsa-mir-513c
45266826,hsa-mir-636
9931953,hsa-mir-374a
4212,hsa-mir-374c
11626560,hsa-mir-1539
9826528,hsa-mir-320a
5743,hsa-mir-431
4891,hsa-mir-551b
2733526,hsa-mir-548m
5284616,hsa-mir-16-2
11228183,hsa-mir-4787
5280961,hsa-mir-302b
241903,hsa-mir-3147
5360373,hsa-mir-197
636397,hsa-mir-134
636397,hsa-mir-3177
3062316,hsa-mir-549a
636397,hsa-mir-2355
24360,hsa-mir-98
444732,hsa-mir-499a
60953,hsa-mir-590
5310940,hsa-mir-3187
387447,hsa-mir-146b
6253,hsa-mir-1228
104741,hsa-mir-411
444732,hsa-mir-155
5360373,hsa-mir-15b
42611257,hsa-mir-548m
9826528,hsa-mir-143
9915743,hsa-mir-454
104741,hsa-mir-3126
148124,hsa-mir-2277
38904,hsa-mir-30e
636397,hsa-mir-4319
24801581,hsa-mir-4258
5284616,hsa-mir-519e
5746,hsa-mir-643
42611257,hsa-mir-1267
3657,hsa-mir-3175
657237,hsa-mir-1287
3006531,hsa-mir-3937
4891,hsa-mir-548c
126941,hsa-mir-302a
5311272,hsa-mir-378e
2578,hsa-mir-3619
11228183,hsa-mir-517c
5865,hsa-mir-520h
122724,hsa-mir-18b
176870,hsa-mir-203a
44259,hsa-mir-624
23725625,hsa-mir-4685
36314,hsa-mir-3186
5865,hsa-mir-1246
11626560,hsa-mir-29a
442972,hsa-mir-497
97226,hsa-mir-1293
1548943,hsa-mir-1247
241903,hsa-mir-4279
5284583,hsa-mir-611
2767,hsa-mir-3917
241903,hsa-mir-1178
3006531,hsa-mir-3146
23725625,hsa-mir-3937
64971,hsa-mir-3154
216345,hsa-mir-29c
64971,hsa-mir-369
36462,hsa-mir-543
1548943,hsa-mir-489
5978,hsa-mir-4695
156413,hsa-mir-126
24360,hsa-mir-1197
5311,hsa-mir-4258
60606,hsa-mir-449b
241903,hsa-mir-625
5284583,hsa-mir-660
176870,hsa-mir-16-2
969516,hsa-mir-620
44259,hsa-mir-30b
5280961,hsa-mir-1265
3657,hsa-mir-4508
54671203,hsa-mir-4521
969516,hsa-mir-452
5978,hsa-mir-940
54671203,hsa-mir-1538
24978538,hsa-mir-382
2578,hsa-mir-921
36314,hsa-mir-412
216345,hsa-mir-208a
460612,hsa-mir-510
11626560,hsa-let-7g
43815,hsa-mir-543
123631,hsa-mir-181c
3006531,hsa-mir-24-2
2767,hsa-mir-500b
216345,hsa-mir-3131
24180719,hsa-mir-2355
2733526,hsa-mir-4675
24801581,hsa-mir-4721
5755,hsa-mir-4783
43815,hsa-mir-558
97226,hsa-mir-517a
5746,hsa-mir-10a
9915743,hsa-mir-127
72301,hsa-mir-3139
5284583,hsa-mir-4745
444732,hsa-mir-377
3062316,hsa-mir-429
644241,hsa-mir-568
10635,hsa-mir-603
11626560,hsa-mir-30b
44259,hsa-mir-543
30323,hsa-mir-140
5311272,hsa-mir-539
97226,hsa-mir-606
5311272,hsa-mir-411
285033,hsa-mir-877
2051,hsa-mir-4508
104842,hsa-mir-635
636397,hsa-mir-3620
442972,hsa-mir-100
2520,hsa-mir-24-1
65348,hsa-mir-4791
44259,hsa-mir-143
104842,hsa-mir-1321
91820602,hsa-mir-19a
9931953,hsa-mir-935
91820602,hsa-mir-23b
11228183,hsa-mir-4713
10184653,hsa-mir-888
5755,hsa-mir-517c
41867,hsa-mir-133b
5394,hsa-mir-3196
60606,hsa-mir-676
636397,hsa-mir-337
10184653,hsa-mir-4763
91820602,hsa-mir-3154
24801581,hsa-mir-3147
123631,hsa-mir-20a
5280961,hsa-mir-3162
969516,hsa-mir-3194
3385,hsa-mir-885
5329102,hsa-mir-589
285033,hsa-mir-1225
97226,hsa-mir-921
636397,hsa-mir-493
9903,hsa-mir-320a
24978538,hsa-mir-4535
41867,hsa-mir-144
216345,hsa-mir-885
5978,hsa-mir-135b
216345,hsa-mir-27a
54671203,hsa-mir-7-3
24180719,hsa-mir-4516
3101,hsa-mir-602
452548,hsa-mir-216a
24978538,hsa-mir-431
448013,hsa-mir-3200
2767,hsa-mir-4426
5360373,hsa-mir-455
65348,hsa-mir-1296
784,hsa-mir-1307
24801581,hsa-mir-424
24978538,hsa-mir-10b
2733526,hsa-mir-377
43815,hsa-mir-520c
5743,hsa-mir-648
9826528,hsa-mir-664a
156413,hsa-mir-30e
104842,hsa-mir-206
448013,hsa-mir-3065
45266826,hsa-mir-1270
5746,hsa-mir-500b
176870,hsa-mir-891a
38904,hsa-mir-4478
9903,hsa-mir-1226
65064,hsa-mir-146a
65064,hsa-mir-2278
5284616,hsa-mir-4448
60750,hsa-mir-122
216345,hsa-mir-3177
31703,hsa-mir-7-3
5280961,hsa-mir-1291
5284583,hsa-mir-202
24978538,hsa-mir-4497
56842234,hsa-mir-891a
5746,hsa-mir-34b
24801581,hsa-mir-605
216345,hsa-mir-1277
97226,hsa-mir-595
54671203,hsa-mir-3141
11226684,hsa-mir-616
41867,hsa-mir-520a
43815,hsa-mir-557
45266826,hsa-mir-198
216345,hsa-mir-1271
5311272,hsa-mir-454
25183872,hsa-mir-1179
5310940,hsa-mir-520g
60750,hsa-mir-548m
5978,hsa-mir-1539
5978,hsa-mir-4665
784,hsa-mir-4427
216239,hsa-mir-23b
11226684,hsa-mir-154
176870,hsa-mir-4286
5865,hsa-mir-4476
2051,hsa-mir-449c
11226684,hsa-mir-4426
25183872,hsa-mir-3679
5311272,hsa-mir-4678
24360,hsa-mir-4728
5360373,hsa-mir-342
444795,hsa-mir-504
10635,hsa-mir-4783
104741,hsa-mir-1181
784,hsa-mir-27b
5743,hsa-mir-365a
176870,hsa-mir-302a
2733526,hsa-mir-301b
36314,hsa-mir-4485
11626560,hsa-mir-4638
24801581,hsa-mir-3195
36462,hsa-mir-4664
4891,hsa-mir-3185
6253,hsa-mir-492
4891,hsa-mir-519c
104842,hsa-mir-3188
9903,hsa-mir-10b
72301,hsa-mir-3651
104741,hsa-mir-3117
3062316,hsa-mir-1277
72301,hsa-mir-1229
969516,hsa-let-7d
5743,hsa-mir-139
387447,hsa-mir-4473
5394,hsa-mir-3194
156413,hsa-mir-433
57347814,hsa-mir-369
43815,hsa-mir-3127
2907,hsa-mir-660
23725625,hsa-mir-636
1548943,hsa-mir-639
5311272,hsa-mir-200c
644241,hsa-mir-3619
285033,hsa-mir-4285
784,hsa-mir-302b
36462,hsa-mir-590
11228183,hsa-mir-147a
24360,hsa-mir-335
5978,hsa-mir-1270
56842234,hsa-mir-3162
9903,hsa-let-7f-2
6505803,hsa-mir-3621
5284616,hsa-mir-873
9931953,hsa-mir-577
91820602,hsa-mir-132
11228183,hsa-mir-127
4212,hsa-mir-3679
3101,hsa-mir-130a
11228183,hsa-mir-582
452548,hsa-mir-451a
5755,hsa-mir-4716
123631,hsa-mir-2113
11228183,hsa-mir-136
56842234,hsa-mir-663b
5311272,hsa-mir-1270
2733526,hsa-mir-297
3101,hsa-mir-4261
5280961,hsa-mir-1277
216239,hsa-mir-1253
24360,hsa-mir-4508
2733526,hsa-mir-3619
24360,hsa-mir-379
448013,hsa-mir-653
37542,hsa-mir-767
41867,hsa-mir-4713
3385,hsa-mir-3196
784,hsa-mir-3196
5311272,hsa-mir-593
9931953,hsa-mir-4473
452548,hsa-mir-1257
37542,hsa-mir-663a
38904,hsa-mir-760
97226,hsa-mir-519c
3101,hsa-mir-1296
60700,hsa-mir-662
444795,hsa-mir-324
3006531,hsa-mir-1225
60953,hsa-mir-4701
11228183,hsa-mir-1229
3006531,hsa-mir-579
2051,hsa-mir-3177
444732,hsa-mir-193a
5360373,hsa-mir-200c
65348,hsa-mir-374a
38904,hsa-mir-4443
3006531,hsa-mir-208a
45266826,hsa-mir-4749
442972,hsa-mir-142
636397,hsa-mir-626
43815,hsa-mir-522
11226684,hsa-mir-1271
5394,hsa-mir-146a
460612,hsa-mir-449c
5291,hsa-mir-1914
636397,hsa-mir-4723
37542,hsa-mir-503
23725625,hsa-mir-1238
24360,hsa-mir-18b
9903,hsa-mir-4284
5329102,hsa-mir-372
122724,hsa-mir-4706
2907,hsa-mir-28
24978538,hsa-mir-331
37542,hsa-mir-378c
60953,hsa-mir-4750
9915743,hsa-mir-654
2767,hsa-mir-496
2907,hsa-mir-215
36462,hsa-mir-802
3101,hsa-mir-196b
24801581,hsa-mir-302d
636397,hsa-mir-4721
444732,hsa-mir-19a
9903,hsa-mir-4428
9903,hsa-mir-1306
11228183,hsa-mir-1973
176870,hsa-mir-503
104842,hsa-mir-3141
2051,hsa-mir-4644
636397,hsa-mir-185
5865,hsa-mir-676
448013,hsa-mir-4707
2767,hsa-mir-487a
3006531,hsa-mir-3141
442972,hsa-mir-548b
2733526,hsa-mir-940
45266826,hsa-mir-4678
123631,hsa-mir-302d
216345,hsa-mir-203a
9915743,hsa-mir-3940
784,hsa-mir-3177
9826528,hsa-mir-629
5311,hsa-mir-1246
10635,hsa-mir-491
10635,hsa-mir-3940
11226684,hsa-mir-363
657237,hsa-mir-518f
6253,hsa-mir-1323
60953,hsa-mir-935
60750,hsa-mir-1225
97226,hsa-mir-4465
10184653,hsa-mir-541
9915743,hsa-mir-1183
23725625,hsa-mir-24-2
38904,hsa-mir-379
97226,hsa-mir-3154
64971,hsa-mir-4749
45266826,hsa-mir-3141
2051,hsa-mir-549a
4891,hsa-mir-4516
148124,hsa-mir-3154
23725625,hsa-mir-3162
126941,hsa-mir-452
30323,hsa-mir-98
5291,hsa-mir-627
11626560,hsa-mir-130b
2578,hsa-mir-628
60953,hsa-mir-555
5755,hsa-mir-148b
969516,hsa-mir-4501
45266826,hsa-mir-328
452548,hsa-mir-137
5394,hsa-mir-7-3
38904,hsa-mir-3184
9931953,hsa-mir-182
60606,hsa-mir-3196
2051,hsa-mir-665
5311272,hsa-mir-190b
10635,hsa-mir-147a
5755,hsa-mir-34c
176870,hsa-mir-1206
65348,hsa-mir-653
126941,hsa-mir-4646
2578,hsa-mir-581
36314,hsa-mir-4448
72301,hsa-mir-371b
123631,hsa-mir-4258
1548943,hsa-mir-203a
442972,hsa-mir-663a
2733526,hsa-mir-4739
5329102,hsa-mir-3146
5360373,hsa-mir-4739
2733526,hsa-mir-134
216345,hsa-mir-525
2733526,hsa-mir-631
60780,hsa-mir-1179
24180719,hsa-mir-381
9826528,hsa-mir-152
1548943,hsa-mir-1307
444732,hsa-mir-1253
148124,hsa-mir-106a
11228183,hsa-mir-1908
644241,hsa-mir-145
122724,hsa-mir-362
148124,hsa-mir-1296
5284583,hsa-mir-3146
72301,hsa-mir-877
65064,hsa-mir-365a
122724,hsa-mir-20b
24360,hsa-mir-631
784,hsa-mir-643
6253,hsa-mir-208a
448013,hsa-mir-619
5394,hsa-mir-924
9826528,hsa-mir-936
126941,hsa-mir-1179
969516,hsa-mir-2114
387447,hsa-mir-645
5284583,hsa-mir-586
156413,hsa-mir-4716
216345,hsa-mir-4725
444732,hsa-mir-4800
23725625,hsa-mir-492
4212,hsa-mir-1228
104741,hsa-mir-875
24360,hsa-mir-891b
9915743,hsa-mir-4644
30323,hsa-mir-4723
23725625,hsa-mir-1246
5978,hsa-mir-551b
25183872,hsa-mir-1202
6253,hsa-mir-211
3657,hsa-mir-4521
156413,hsa-mir-631
11626560,hsa-mir-369
44259,hsa-mir-20a
5746,hsa-mir-23c
176870,hsa-mir-652
5755,hsa-mir-200b
31703,hsa-mir-2278
9915743,hsa-mir-449a
3006531,hsa-mir-675
148124,hsa-mir-4261
2520,hsa-mir-433
448013,hsa-mir-340
969516,hsa-mir-655
10184653,hsa-mir-217
36314,hsa-mir-1207
123631,hsa-mir-4644
1548943,hsa-mir-503
387447,hsa-mir-204
2578,hsa-mir-1197
5280961,hsa-mir-2355
3062316,hsa-mir-519e
5755,hsa-mir-423
60750,hsa-mir-1-1
176870,hsa-mir-4284
969516,hsa-mir-2467
3062316,hsa-mir-591
2578,hsa-mir-3682
2051,hsa-mir-378e
65064,hsa-mir-3065
442972,hsa-mir-4501
452548,hsa-mir-1301
5284616,hsa-mir-4428
5311,hsa-mir-130b
11626560,hsa-mir-4530
1548943,hsa-mir-487a
452548,hsa-mir-3146
176870,hsa-mir-32
148124,hsa-mir-3183
3657,hsa-mir-655
3657,hsa-mir-3154
24360,hsa-mir-648
2578,hsa-mir-561
644241,hsa-mir-26b
54671203,hsa-mir-499a
11228183,hsa-mir-493
24180719,hsa-mir-1323
387447,hsa-mir-633
5311272,hsa-mir-4466
5280961,hsa-mir-526b
31703,hsa-mir-190b
657237,hsa-mir-148a
65064,hsa-mir-4476
122724,hsa-mir-1297
4212,hsa-mir-150
72301,hsa-mir-2467
5284583,hsa-mir-99b
36462,hsa-mir-1287
285033,hsa-mir-636
5394,hsa-mir-4289
5311,hsa-mir-3184
5284583,hsa-mir-629
60700,hsa-mir-4319
30323,hsa-mir-3185
5311,hsa-mir-217
5746,hsa-mir-491
9826528,hsa-mir-651
5280961,hsa-mir-4685
4891,hsa-mir-448
969516,hsa-mir-185
241903,hsa-mir-642a
10635,hsa-mir-4669
4212,hsa-mir-520d
60606,hsa-mir-887
3062316,hsa-mir-24-1
176870,hsa-mir-4289
41867,hsa-mir-651
444732,hsa-mir-382
644241,hsa-mir-1908
148124,hsa-mir-1271
5329102,hsa-mir-922
56842234,hsa-mir-19a
5311272,hsa-mir-1237
387447,hsa-mir-139
5743,hsa-let-7c
460612,hsa-mir-106a
104741,hsa-mir-4530
5329102,hsa-mir-1538
23725625,hsa-mir-3681
60700,hsa-mir-190b
2733526,hsa-mir-3146
5746,hsa-mir-602
216345,hsa-mir-3674
5310940,hsa-mir-3660
5394,hsa-mir-4644
122724,hsa-let-7b
5311272,hsa-mir-3168
444795,hsa-mir-629
36314,hsa-mir-513b
216239,hsa-mir-619
5329102,hsa-let-7c
41867,hsa-mir-214
104741,hsa-let-7f-2
54671203,hsa-mir-34c
45266826,hsa-mir-885
969516,hsa-mir-3195
3657,hsa-mir-494
104741,hsa-mir-183
54671203,hsa-mir-658
241903,hsa-mir-429
60953,hsa-mir-586
2051,hsa-mir-4258
65348,hsa-mir-4646
23725625,hsa-mir-675
5755,hsa-mir-421
5394,hsa-mir-31
10635,hsa-mir-4430
42611257,hsa-mir-1271
9903,hsa-mir-4783
36462,hsa-mir-610
91820602,hsa-mir-378g
644241,hsa-let-7a-2
2907,hsa-mir-675
65348,hsa-mir-423
5311272,hsa-mir-1250
5865,hsa-mir-4288
2051,hsa-mir-3168
9903,hsa-mir-1290
5311,hsa-mir-1270
1548943,hsa-mir-4749
24180719,hsa-mir-4711
4891,hsa-mir-501
126941,hsa-mir-3065
2907,hsa-mir-542
2733526,hsa-mir-485
5311272,hsa-mir-1257
23725625,hsa-mir-2116
10635,hsa-mir-1261
460612,hsa-mir-378f
65348,hsa-mir-1911
9915743,hsa-mir-222
4212,hsa-mir-4749
5311272,hsa-mir-412
6505803,hsa-mir-888
9931953,hsa-mir-500a
636397,hsa-mir-3674
60953,hsa-mir-502
30323,hsa-mir-2861
6253,hsa-mir-1202
3062316,hsa-mir-1323
11228183,hsa-mir-140
126941,hsa-mir-423
216345,hsa-mir-130a
11228183,hsa-mir-1270
969516,hsa-mir-127
216239,hsa-mir-645
6253,hsa-mir-29a
2733526,hsa-mir-4508
54671203,hsa-mir-1250
5394,hsa-mir-671
30323,hsa-mir-758
5755,hsa-mir-496
45266826,hsa-mir-302b
60700,hsa-mir-874
156413,hsa-mir-212
2907,hsa-mir-1275
3006531,hsa-mir-520f
3657,hsa-mir-16-1
38904,hsa-mir-376c
5280961,hsa-mir-342
60700,hsa-mir-377
657237,hsa-mir-520f
42611257,hsa-mir-4483
25183872,hsa-mir-488
5743,hsa-mir-1538
3657,hsa-mir-3187
5310940,hsa-mir-448
657237,hsa-mir-15b
42611257,hsa-mir-183
43815,hsa-mir-598
38904,hsa-mir-375
5394,hsa-mir-539
156413,hsa-mir-875
30323,hsa-mir-506
2578,hsa-mir-296
24180719,hsa-mir-378c
60700,hsa-mir-503
3006531,hsa-mir-4483
9931953,hsa-mir-18a
216239,hsa-mir-518f
60750,hsa-mir-379
57347814,hsa-mir-216a
10635,hsa-mir-432
5746,hsa-mir-891a
104741,hsa-mir-4788
6505803,hsa-let-7a-2
241903,hsa-mir-563
123631,hsa-mir-1250
9915743,hsa-mir-662
156413,hsa-mir-4288
2733526,hsa-mir-888
37542,hsa-mir-1915
5284616,hsa-mir-1265
60780,hsa-mir-296
37542,hsa-mir-1253
91820602,hsa-mir-136
460612,hsa-mir-1293
24978538,hsa-mir-4687
3101,hsa-mir-1275
60953,hsa-mir-4706
42611257,hsa-mir-4427
3657,hsa-mir-1225
65064,hsa-mir-376b
123631,hsa-mir-1469
644241,hsa-mir-377
11226684,hsa-mir-663a
56842234,hsa-mir-873
444732,hsa-mir-1281
60780,hsa-mir-148a
37542,hsa-mir-2278
10184653,hsa-mir-4695
148124,hsa-mir-188
1548943,hsa-mir-449a
24360,hsa-mir-421
60953,hsa-mir-649
636397,hsa-mir-570
37542,hsa-mir-543
2767,hsa-mir-622
25183872,hsa-mir-4485
2051,hsa-mir-4783
60780,hsa-mir-4787
5329102,hsa-mir-3621
60606,hsa-mir-18b
11226684,hsa-mir-2113
122724,hsa-mir-1275
5311272,hsa-mir-3162
444732,hsa-mir-4644
148124,hsa-mir-875
42611257,hsa-mir-27a
5743,hsa-mir-4476
42611257,hsa-mir-4695
2051,hsa-mir-645
11626560,hsa-mir-616
784,hsa-mir-377
60953,hsa-mir-126
5284583,hsa-mir-3654
148124,hsa-mir-493
444795,hsa-mir-451a
460612,hsa-mir-513c
2907,hsa-mir-146a
24978538,hsa-mir-4430
45266826,hsa-mir-4706
9915743,hsa-mir-670
60953,hsa-mir-181c
156413,hsa-mir-326
5865,hsa-mir-4723
60606,hsa-mir-1271
3006531,hsa-mir-3154
65064,hsa-mir-4467
636397,hsa-mir-454
104741,hsa-mir-665
41867,hsa-mir-342
387447,hsa-mir-1301
60953,hsa-mir-337
11226684,hsa-mir-28
5360373,hsa-mir-16-1
60606,hsa-mir-1197
2520,hsa-mir-2861
448013,hsa-mir-891b
11228183,hsa-mir-433
60606,hsa-let-7i
5280961,hsa-mir-616
38904,hsa-mir-586
60780,hsa-mir-500b
60700,hsa-mir-581
9915743,hsa-mir-142
10184653,hsa-mir-484
216345,hsa-mir-483
60780,hsa-mir-891b
2907,hsa-mir-216a
5743,hsa-mir-4758
42611257,hsa-mir-1288
30323,hsa-mir-22
65348,hsa-mir-9-1
60700,hsa-mir-563
387447,hsa-mir-500a
9931953,hsa-mir-519e
11626560,hsa-mir-1275
1548943,hsa-mir-1250
104842,hsa-mir-885
5743,hsa-mir-523
6505803,hsa-mir-557
5360373,hsa-mir-4653
72301,hsa-mir-7-1
56842234,hsa-mir-204
452548,hsa-mir-1228
42611257,hsa-mir-484
644241,hsa-mir-3162
25183872,hsa-mir-1292
44259,hsa-mir-762
60606,hsa-mir-203a
9915743,hsa-mir-765
148124,hsa-mir-297
6253,hsa-mir-222
44259,hsa-mir-548m
10184653,hsa-mir-4427
4212,hsa-mir-609
5311,hsa-mir-221
42611257,hsa-mir-33a
60780,hsa-mir-15b
24180719,hsa-mir-4289
36462,hsa-mir-627
5978,hsa-mir-1307
23725625,hsa-mir-346
42611257,hsa-mir-193b
126941,hsa-mir-4467
9915743,hsa-mir-452
91820602,hsa-mir-328
3006531,hsa-mir-1253
387447,hsa-mir-557
24180719,hsa-mir-125a
5310940,hsa-mir-3161
5394,hsa-mir-216b
126941,hsa-mir-378g
9826528,hsa-mir-15a
10184653,hsa-mir-668
10635,hsa-mir-4530
5743,hsa-mir-4279
5394,hsa-mir-34b
60780,hsa-mir-635
460612,hsa-mir-4675
38904,hsa-mir-1258
5284616,hsa-mir-4788
5280961,hsa-mir-561
65064,hsa-mir-374a
54671203,hsa-mir-33b
5284583,hsa-mir-1469
2520,hsa-mir-152
5284583,hsa-mir-765
11226684,hsa-mir-365b
2578,hsa-mir-200c
25183872,hsa-mir-4455
4891,hsa-mir-4454
452548,hsa-mir-1197
3657,hsa-mir-2355
636397,hsa-mir-1226
9826528,hsa-mir-3611
2733526,hsa-mir-490
3101,hsa-mir-499a
241903,hsa-mir-1258
156413,hsa-mir-365a
5329102,hsa-mir-574
42611257,hsa-mir-4732
444732,hsa-mir-185
126941,hsa-mir-638
24801581,hsa-mir-493
657237,hsa-mir-602
24180719,hsa-mir-3161
241903,hsa-mir-212
123631,hsa-mir-151a
10184653,hsa-mir-520f
104842,hsa-mir-605
241903,hsa-mir-302d
444795,hsa-mir-3149
5755,hsa-mir-493
460612,hsa-mir-92b
64971,hsa-mir-197
11226684,hsa-mir-3195
5291,hsa-mir-2861
60780,hsa-mir-1825
45266826,hsa-mir-584
104741,hsa-mir-409
5291,hsa-mir-137
5291,hsa-mir-1293
2907,hsa-mir-4664
45266826,hsa-mir-1296
24978538,hsa-mir-1973
5755,hsa-mir-410
44259,hsa-mir-363
10184653,hsa-mir-642a
448013,hsa-mir-16-1
5280961,hsa-mir-581
4891,hsa-mir-216b
11626560,hsa-mir-588
5743,hsa-mir-383
285033,hsa-mir-484
5360373,hsa-mir-301b
36314,hsa-mir-585
5755,hsa-mir-130b
65348,hsa-mir-498
24180719,hsa-mir-24-1
216345,hsa-mir-663b
156413,hsa-mir-1246
91820602,hsa-mir-192
5746,hsa-mir-192
5743,hsa-mir-448
4212,hsa-mir-555
5865,hsa-mir-4257
9915743,hsa-mir-2277
216345,hsa-mir-155
60700,hsa-mir-1197
5311272,hsa-mir-3195
126941,hsa-mir-628
65348,hsa-mir-4289
444795,hsa-mir-196b
444732,hsa-mir-758
97226,hsa-mir-525
6505803,hsa-mir-410
45266826,hsa-mir-1539
9903,hsa-mir-374b
5280961,hsa-mir-2278
657237,hsa-mir-4721
241903,hsa-mir-877
57347814,hsa-mir-221
9826528,hsa-mir-1293
448013,hsa-mir-4466
37542,hsa-mir-4478
5865,hsa-mir-369
42611257,hsa-mir-31
6253,hsa-mir-762
387447,hsa-mir-4508
784,hsa-mir-136
123631,hsa-mir-455
42611257,hsa-mir-626
24360,hsa-mir-572
5978,hsa-mir-503
452548,hsa-mir-127
1548943,hsa-mir-1910
2907,hsa-mir-1323
442972,hsa-mir-485
9931953,hsa-mir-525
2767,hsa-mir-211
6505803,hsa-mir-4443
6253,hsa-mir-4710
60700,hsa-mir-489
43815,hsa-mir-4732
10184653,hsa-mir-134
2578,hsa-let-7i
5284583,hsa-mir-1246
3385,hsa-mir-633
65064,hsa-mir-134
3006531,hsa-mir-640
24180719,hsa-mir-517a
24801581,hsa-mir-590
156413,hsa-mir-217
216345,hsa-mir-3187
4891,hsa-mir-383
60780,hsa-mir-3178
60750,hsa-mir-520a
5311,hsa-mir-626
3062316,hsa-mir-924
97226,hsa-mir-448
5311272,hsa-mir-421
387447,hsa-mir-519d
104741,hsa-mir-299
5394,hsa-mir-4800
3062316,hsa-mir-1296
5280961,hsa-mir-766
38904,hsa-mir-1323
216239,hsa-mir-383
11228183,hsa-mir-320e
11226684,hsa-mir-140
2520,hsa-mir-487a
5284616,hsa-mir-548b
5310940,hsa-mir-2113
4212,hsa-mir-26b
5360373,hsa-let-7i
104741,hsa-mir-136
5284583,hsa-mir-921
122724,hsa-mir-1825
9903,hsa-mir-4261
25183872,hsa-mir-935
2907,hsa-mir-4297
9826528,hsa-mir-3188
5755,hsa-mir-3144
442972,hsa-mir-4535
448013,hsa-mir-525
5743,hsa-mir-584
6253,hsa-mir-665
64971,hsa-mir-4487
784,hsa-mir-125a
2051,hsa-mir-766
56842234,hsa-mir-4745
43815,hsa-mir-4674
60780,hsa-mir-320e
156413,hsa-mir-4732
241903,hsa-mir-3679
452548,hsa-mir-655
3657,hsa-mir-626
5310940,hsa-mir-4463
5360373,hsa-mir-647
448013,hsa-mir-572
3657,hsa-mir-200a
5284583,hsa-mir-766
2520,hsa-mir-494
5284583,hsa-let-7c
24180719,hsa-mir-3144
60700,hsa-mir-10a
3657,hsa-mir-204
5865,hsa-mir-4791
9903,hsa-mir-25
2051,hsa-mir-622
6505803,hsa-mir-663a
442972,hsa-mir-510
25183872,hsa-mir-557
104842,hsa-mir-4701
3062316,hsa-mir-589
54671203,hsa-mir-627
11228183,hsa-mir-1913
6253,hsa-mir-618
444795,hsa-mir-2116
969516,hsa-mir-4447
44259,hsa-mir-455
104842,hsa-mir-662
123631,hsa-mir-1270
6505803,hsa-mir-645
9915743,hsa-mir-920
25183872,hsa-mir-4261
3062316,hsa-mir-122
216239,hsa-mir-1207
38904,hsa-mir-557
2733526,hsa-mir-526b
104842,hsa-mir-23a
5329102,hsa-mir-891a
57347814,hsa-mir-4478
104842,hsa-mir-4711
72301,hsa-mir-16-1
9826528,hsa-mir-3665
25183872,hsa-mir-137
43815,hsa-mir-3064
3101,hsa-mir-4279
97226,hsa-mir-19a
54671203,hsa-mir-4739
442972,hsa-mir-1297
448013,hsa-mir-640
387447,hsa-mir-4487
969516,hsa-mir-4286
11226684,hsa-mir-938
36462,hsa-mir-6134
54671203,hsa-mir-125a
5311,hsa-mir-1200
176870,hsa-mir-572
3657,hsa-mir-9-1
43815,hsa-mir-10a
636397,hsa-mir-4478
784,hsa-mir-205
216345,hsa-mir-873
24801581,hsa-mir-4745
24180719,hsa-mir-146b
6253,hsa-mir-1247
38904,hsa-mir-25
4891,hsa-mir-32
60606,hsa-mir-195
2733526,hsa-mir-616
3101,hsa-mir-4675
37542,hsa-mir-4497
387447,hsa-mir-340
285033,hsa-mir-549a
44259,hsa-mir-518b
104741,hsa-mir-935
24180719,hsa-mir-1261
54671203,hsa-mir-136
64971,hsa-mir-665
104741,hsa-mir-802
387447,hsa-mir-421
45266826,hsa-mir-451a
97226,hsa-mir-615
2051,hsa-mir-539
444732,hsa-mir-639
2733526,hsa-mir-4288
5291,hsa-mir-1323
31703,hsa-mir-4710
60780,hsa-mir-4463
60780,hsa-mir-301a
448013,hsa-mir-643
25183872,hsa-mir-1250
5865,hsa-mir-935
126941,hsa-mir-1914
24360,hsa-mir-651
41867,hsa-mir-4455
38904,hsa-mir-578
216345,hsa-mir-3146
11226684,hsa-mir-378c
452548,hsa-let-7g
2578,hsa-mir-563
60953,hsa-mir-4644
24360,hsa-mir-548b
23725625,hsa-mir-202
657237,hsa-mir-1179
148124,hsa-mir-610
5311,hsa-mir-382
65348,hsa-mir-518c
60700,hsa-mir-873
11226684,hsa-mir-522
241903,hsa-mir-650
285033,hsa-mir-518b
38904,hsa-mir-206
43815,hsa-mir-542
60750,hsa-mir-182
123631,hsa-mir-570
644241,hsa-mir-1237
5746,hsa-mir-345
644241,hsa-mir-106a
5291,hsa-mir-518b
56842234,hsa-mir-520g
5311272,hsa-mir-382
452548,hsa-mir-629
41867,hsa-mir-581
657237,hsa-mir-372
36462,hsa-mir-3131
122724,hsa-mir-518f
104842,hsa-mir-4427
36314,hsa-mir-569
11626560,hsa-mir-513c
97226,hsa-mir-4653
442972,hsa-mir-4530
2520,hsa-mir-3660
444795,hsa-mir-668
60953,hsa-mir-335
5394,hsa-mir-378e
5284583,hsa-mir-452
30323,hsa-mir-31
60700,hsa-mir-3178
11626560,hsa-let-7a-1
25183872,hsa-mir-497
3062316,hsa-mir-4701
9903,hsa-mir-592
3062316,hsa-mir-4791
91820602,hsa-mir-3674
657237,hsa-mir-654
60606,hsa-mir-510
444795,hsa-mir-2467
11226684,hsa-mir-4492
54671203,hsa-mir-27b
4212,hsa-mir-99a
387447,hsa-mir-4713
36462,hsa-mir-598
30323,hsa-mir-431
3062316,hsa-mir-23c
5978,hsa-mir-1343
4891,hsa-mir-29c
54671203,hsa-mir-1290
31703,hsa-mir-4476
104842,hsa-mir-3161
37542,hsa-mir-1258
448013,hsa-mir-3149
442972,hsa-mir-4750
5311,hsa-mir-4284
657237,hsa-mir-564
65064,hsa-mir-95
5311,hsa-mir-638
9915743,hsa-mir-520f
3101,hsa-mir-190b
452548,hsa-mir-432
657237,hsa-mir-217
44259,hsa-mir-1915
41867,hsa-mir-4706
30323,hsa-mir-933
1548943,hsa-mir-517a
11226684,hsa-mir-597
24360,hsa-mir-4783
60953,hsa-mir-4722
10635,hsa-mir-1538
3062316,hsa-mir-518b
122724,hsa-mir-451a
25183872,hsa-mir-657
56842234,hsa-mir-500b
24360,hsa-mir-4488
6505803,hsa-mir-299
72301,hsa-mir-181d
5310940,hsa-mir-4485
44259,hsa-mir-1281
60780,hsa-mir-192
11228183,hsa-mir-874
3657,hsa-mir-4653
5280961,hsa-mir-15b
10184653,hsa-let-7f-2
285033,hsa-mir-365a
387447,hsa-mir-598
65348,hsa-mir-548c
2907,hsa-mir-4711
5394,hsa-mir-4655
97226,hsa-mir-935
36314,hsa-mir-1248
31703,hsa-mir-1910
11226684,hsa-mir-3127
216239,hsa-mir-495
3385,hsa-mir-1264
42611257,hsa-mir-4261
657237,hsa-mir-541
25183872,hsa-let-7i
2520,hsa-mir-1249
5865,hsa-mir-500a
11228183,hsa-mir-523
24180719,hsa-mir-378a
25183872,hsa-mir-378e
5755,hsa-mir-1468
5755,hsa-mir-3184
2051,hsa-let-7a-2
387447,hsa-mir-330
2907,hsa-mir-4644
60953,hsa-mir-378b
657237,hsa-mir-297
176870,hsa-mir-639
57347814,hsa-mir-665
241903,hsa-mir-365b
4212,hsa-mir-519d
5284583,hsa-mir-4285
5743,hsa-mir-3960
644241,hsa-mir-200a
5394,hsa-mir-513b
176870,hsa-mir-369
72301,hsa-mir-665
448013,hsa-mir-597
6253,hsa-mir-328
97226,hsa-mir-609
42611257,hsa-mir-889
24360,hsa-mir-4443
65348,hsa-mir-572
10635,hsa-mir-581
3006531,hsa-mir-489
5978,hsa-mir-448
11626560,hsa-mir-1306
42611257,hsa-mir-7-3
2520,hsa-mir-18b
644241,hsa-mir-4791
11626560,hsa-mir-302a
5284583,hsa-mir-506
97226,hsa-mir-621
104741,hsa-mir-193b
43815,hsa-mir-4261
60953,hsa-mir-30d
9915743,hsa-mir-626
9826528,hsa-mir-212
9826528,hsa-mir-924
9915743,hsa-mir-4465
176870,hsa-mir-3154
285033,hsa-mir-33a
60953,hsa-mir-4285
444732,hsa-mir-431
6253,hsa-mir-934
6253,hsa-mir-4428
60750,hsa-mir-451a
156413,hsa-mir-629
657237,hsa-mir-1183
3101,hsa-mir-331
38904,hsa-mir-4297
452548,hsa-mir-758
3006531,hsa-mir-1270
24801581,hsa-mir-135b
5311,hsa-mir-7-3
30323,hsa-mir-4289
37542,hsa-mir-191
11626560,hsa-mir-489
24978538,hsa-mir-675
44259,hsa-mir-4800
448013,hsa-mir-4467
43815,hsa-mir-3651
444795,hsa-mir-588
2767,hsa-mir-377
36462,hsa-mir-4455
5280961,hsa-mir-1234
24180719,hsa-mir-518f
10635,hsa-mir-142
24978538,hsa-mir-1238
4891,hsa-mir-3149
9903,hsa-mir-107
5746,hsa-mir-933
176870,hsa-mir-132
44259,hsa-mir-337
442972,hsa-mir-513b
24801581,hsa-mir-377
5284583,hsa-mir-339
24180719,hsa-mir-506
60606,hsa-mir-301a
2733526,hsa-mir-1206
2051,hsa-mir-1181
6505803,hsa-mir-920
5311,hsa-mir-586
5311,hsa-mir-1306
72301,hsa-mir-1270
5978,hsa-mir-4791
65348,hsa-mir-99a
37542,hsa-mir-4448
65064,hsa-mir-4787
1548943,hsa-mir-147a
24978538,hsa-mir-578
5311272,hsa-mir-874
2733526,hsa-mir-98
122724,hsa-mir-429
3101,hsa-mir-210
54671203,hsa-mir-4749
5280961,hsa-mir-4783
91820602,hsa-mir-18b
3062316,hsa-mir-765
1548943,hsa-mir-371b
448013,hsa-mir-429
60606,hsa-mir-876
5284616,hsa-mir-1290
72301,hsa-mir-4427
30323,hsa-mir-1297
42611257,hsa-mir-647
23725625,hsa-mir-30d
216239,hsa-mir-638
11228183,hsa-mir-3163
10635,hsa-mir-3665
969516,hsa-mir-608
216239,hsa-mir-142
5311272,hsa-mir-450b
42611257,hsa-mir-372
176870,hsa-mir-4722
444732,hsa-let-7a-2
2907,hsa-mir-3177
65348,hsa-mir-205
9931953,hsa-mir-339
460612,hsa-mir-4678
36462,hsa-mir-3611
42611257,hsa-mir-503
104741,hsa-mir-519b
148124,hsa-mir-3153
38904,hsa-mir-1228
5280961,hsa-mir-323a
54671203,hsa-mir-487a
23725625,hsa-mir-3141
241903,hsa-mir-4285
36314,hsa-mir-4711
11226684,hsa-mir-892b
5743,hsa-mir-34a
3657,hsa-mir-210
123631,hsa-mir-760
65348,hsa-mir-494
9903,hsa-mir-3183
442972,hsa-mir-944
3385,hsa-mir-708
3062316,hsa-mir-193b
452548,hsa-mir-376c
45266826,hsa-mir-933
104842,hsa-mir-585
2051,hsa-mir-758
148124,hsa-mir-665
5284616,hsa-mir-215
25183872,hsa-mir-1248
3657,hsa-mir-629
30323,hsa-mir-3183
36462,hsa-mir-564
37542,hsa-mir-744
460612,hsa-mir-501
5284583,hsa-mir-4638
3657,hsa-mir-4674
216239,hsa-mir-296
5978,hsa-mir-520a
3006531,hsa-mir-2116
784,hsa-mir-378f
9826528,hsa-mir-4297
56842234,hsa-mir-4638
57347814,hsa-mir-1275
11626560,hsa-mir-147b
24180719,hsa-mir-485
6505803,hsa-mir-563
11626560,hsa-mir-409
5291,hsa-mir-4497
2578,hsa-mir-4476
5865,hsa-mir-3619
9903,hsa-mir-199b
65348,hsa-mir-4311
2767,hsa-mir-561
285033,hsa-mir-4664
44259,hsa-mir-1236
2578,hsa-mir-4711
126941,hsa-mir-513b
644241,hsa-mir-326
60700,hsa-mir-670
1548943,hsa-mir-627
5284616,hsa-mir-19a
6253,hsa-mir-4430
444732,hsa-mir-365b
2907,hsa-mir-942
657237,hsa-mir-140
72301,hsa-mir-1293
126941,hsa-mir-449b
24360,hsa-mir-934
43815,hsa-mir-4516
23725625,hsa-mir-658
5755,hsa-mir-31
37542,hsa-mir-3167
65348,hsa-mir-595
24978538,hsa-mir-4675
65348,hsa-mir-539
176870,hsa-mir-648
216345,hsa-mir-429
65064,hsa-mir-299
448013,hsa-mir-302c
31703,hsa-mir-3200
442972,hsa-mir-589
444795,hsa-mir-639
4212,hsa-mir-587
5743,hsa-mir-22
460612,hsa-mir-520d
5284583,hsa-mir-217
5394,hsa-mir-933
24180719,hsa-mir-200b
60953,hsa-mir-197
448013,hsa-mir-9-1
38904,hsa-mir-1246
4891,hsa-mir-432
6253,hsa-mir-30b
5746,hsa-mir-4716
9903,hsa-mir-636
10184653,hsa-mir-590
784,hsa-mir-33a
4212,hsa-mir-382
9903,hsa-mir-3178
11228183,hsa-mir-652
387447,hsa-mir-4501
3006531,hsa-mir-1908
5284616,hsa-mir-487b
5743,hsa-mir-4430
2051,hsa-mir-1228
2767,hsa-mir-16-2
97226,hsa-mir-500b
9931953,hsa-mir-4701
43815,hsa-mir-561
148124,hsa-mir-648
156413,hsa-mir-378g
5284583,hsa-mir-4685
4212,hsa-mir-1911
3101,hsa-mir-3147
24360,hsa-mir-2861
442972,hsa-mir-3173
9903,hsa-mir-30a
72301,hsa-mir-504
2051,hsa-mir-374b
11626560,hsa-mir-1178
38904,hsa-mir-1250
56842234,hsa-mir-4530
37542,hsa-mir-422a
9826528,hsa-mir-634
176870,hsa-mir-3184
636397,hsa-mir-1539
104741,hsa-mir-338
657237,hsa-mir-802
4212,hsa-mir-618
5311,hsa-mir-4297
37542,hsa-mir-616
5746,hsa-mir-574
97226,hsa-mir-4516
64971,hsa-mir-4279
2520,hsa-mir-4653
3385,hsa-mir-519d
2051,hsa-mir-107
5329102,hsa-mir-1229
44259,hsa-mir-1288
11626560,hsa-mir-4722
444795,hsa-mir-466
241903,hsa-mir-490
9931953,hsa-mir-323a
5755,hsa-mir-23c
444795,hsa-mir-145
3657,hsa-let-7a-1
72301,hsa-mir-365b
60700,hsa-mir-675
2733526,hsa-mir-3177
6253,hsa-mir-130a
452548,hsa-mir-296
30323,hsa-mir-378i
65348,hsa-mir-328
54671203,hsa-mir-33a
122724,hsa-mir-298
387447,hsa-mir-18b
3062316,hsa-mir-653
216239,hsa-mir-1915
97226,hsa-mir-1297
57347814,hsa-mir-587
65064,hsa-mir-1178
9931953,hsa-mir-628
2733526,hsa-mir-3154
387447,hsa-mir-595
36314,hsa-mir-1236
24180719,hsa-mir-614
65064,hsa-mir-4497
9826528,hsa-mir-1204
65348,hsa-mir-3139
31703,hsa-mir-676
24360,hsa-mir-4535
25183872,hsa-mir-199b
60606,hsa-mir-3162
4212,hsa-mir-139
41867,hsa-mir-1321
10635,hsa-mir-31
3062316,hsa-mir-302b
6253,hsa-mir-597
5743,hsa-mir-517a
36314,hsa-mir-1539
387447,hsa-mir-7-1
452548,hsa-mir-221
3657,hsa-mir-23b
56842234,hsa-mir-588
91820602,hsa-mir-618
11228183,hsa-mir-4473
5978,hsa-mir-181c
2907,hsa-mir-3917
5329102,hsa-mir-3651
148124,hsa-mir-148b
10184653,hsa-mir-4516
5284616,hsa-mir-1246
122724,hsa-mir-585
3657,hsa-mir-518e
636397,hsa-mir-136
657237,hsa-mir-302a
5311,hsa-mir-744
636397,hsa-mir-197
60750,hsa-mir-608
11226684,hsa-mir-1202
60953,hsa-mir-758
784,hsa-mir-302c
5311272,hsa-mir-185
126941,hsa-mir-648
216345,hsa-mir-1296
5394,hsa-mir-891a
387447,hsa-mir-513c
784,hsa-mir-15a
5280961,hsa-mir-4285
387447,hsa-mir-24-1
9931953,hsa-mir-1246
657237,hsa-mir-98
5978,hsa-mir-921
42611257,hsa-mir-520b
387447,hsa-mir-4289
64971,hsa-mir-20b
11228183,hsa-mir-2114
9931953,hsa-mir-1287
45266826,hsa-mir-376c
104842,hsa-mir-1304
442972,hsa-mir-4487
657237,hsa-mir-423
23725625,hsa-mir-147b
2733526,hsa-mir-4758
460612,hsa-mir-3611
60606,hsa-mir-4443
2733526,hsa-mir-3178
6253,hsa-mir-498
24978538,hsa-mir-1281
636397,hsa-mir-125a
216239,hsa-mir-1200
444732,hsa-mir-7-3
6505803,hsa-mir-450b
24801581,hsa-mir-300
54671203,hsa-mir-26b
5311272,hsa-mir-551b
216345,hsa-mir-631
60780,hsa-mir-1913
54671203,hsa-mir-192
460612,hsa-mir-1297
148124,hsa-mir-4288
60700,hsa-mir-526b
3385,hsa-mir-4501
64971,hsa-mir-216b
24180719,hsa-mir-452
25183872,hsa-mir-1277
65064,hsa-mir-449b
442972,hsa-mir-606
644241,hsa-mir-452
5280961,hsa-mir-651
41867,hsa-mir-542
64971,hsa-mir-135b
42611257,hsa-mir-608
31703,hsa-mir-1976
6253,hsa-mir-582
25183872,hsa-mir-1973
5284583,hsa-mir-2861
24978538,hsa-mir-663a
2051,hsa-mir-663b
126941,hsa-mir-1296
104842,hsa-mir-490
5394,hsa-mir-27b
4212,hsa-mir-595
176870,hsa-mir-1256
156413,hsa-mir-337
6505803,hsa-mir-4687
5746,hsa-let-7i
636397,hsa-mir-3175
216345,hsa-mir-4261
3657,hsa-mir-30a
5743,hsa-mir-449a
285033,hsa-mir-634
126941,hsa-mir-1321
72301,hsa-mir-2861
5360373,hsa-mir-3167
176870,hsa-mir-1238
442972,hsa-mir-645
784,hsa-mir-542
444795,hsa-mir-1913
636397,hsa-mir-558
3101,hsa-mir-2277
5311,hsa-mir-223
11626560,hsa-mir-4669
44259,hsa-mir-106b
24360,hsa-mir-520e
657237,hsa-let-7f-1
3657,hsa-mir-942
5311,hsa-mir-3149
64971,hsa-mir-942
38904,hsa-mir-148a
25183872,hsa-mir-622
57347814,hsa-mir-1291
72301,hsa-mir-590
57347814,hsa-mir-4800
11228183,hsa-mir-520d
5291,hsa-mir-4800
41867,hsa-mir-551b
65348,hsa-mir-3681
784,hsa-mir-4707
148124,hsa-mir-3917
9915743,hsa-mir-1296
37542,hsa-mir-518e
156413,hsa-mir-340
448013,hsa-mir-377
44259,hsa-mir-601
5743,hsa-mir-637
460612,hsa-mir-410
644241,hsa-mir-3679
6505803,hsa-mir-624
11226684,hsa-mir-592
5311,hsa-mir-4508
2051,hsa-mir-670
156413,hsa-mir-1202
9826528,hsa-mir-2355
5746,hsa-mir-378b
4212,hsa-mir-1307
31703,hsa-mir-198
43815,hsa-mir-593
72301,hsa-mir-4710
64971,hsa-mir-96
4891,hsa-mir-455
65064,hsa-mir-1225
216345,hsa-mir-942
64971,hsa-mir-6134
3006531,hsa-mir-3064
156413,hsa-mir-196b
122724,hsa-mir-221
3006531,hsa-mir-1973
36462,hsa-mir-1249
2520,hsa-mir-504
72301,hsa-mir-1261
156413,hsa-mir-1288
44259,hsa-mir-518f
42611257,hsa-mir-324
636397,hsa-mir-718
5746,hsa-mir-4722
23725625,hsa-mir-944
65064,hsa-mir-378f
5978,hsa-mir-1204
6505803,hsa-mir-520e
126941,hsa-mir-616
25183872,hsa-mir-769
97226,hsa-mir-661
11626560,hsa-mir-382
60780,hsa-mir-651
65348,hsa-mir-301a
5284583,hsa-mir-549a
2051,hsa-mir-4763
104741,hsa-mir-1303
11228183,hsa-mir-2682
657237,hsa-mir-643
657237,hsa-mir-876
3101,hsa-mir-9-1
10635,hsa-mir-429
2578,hsa-mir-4467
3657,hsa-mir-4311
5311272,hsa-mir-622
5743,hsa-mir-877
3062316,hsa-mir-7-1
156413,hsa-mir-3193
9903,hsa-mir-4725
60700,hsa-mir-4426
176870,hsa-mir-1468
56842234,hsa-mir-518d
126941,hsa-mir-4286
657237,hsa-mir-4484
11226684,hsa-mir-223
43815,hsa-mir-3196
969516,hsa-mir-570
5755,hsa-mir-302c
2907,hsa-mir-4428
5394,hsa-mir-3940
444795,hsa-mir-760
5865,hsa-mir-661
65348,hsa-let-7b
2051,hsa-mir-3187
3657,hsa-mir-152
5284616,hsa-mir-412
3062316,hsa-mir-3611
452548,hsa-mir-718
3006531,hsa-mir-98
45266826,hsa-mir-3168
5743,hsa-mir-708
36462,hsa-mir-4426
97226,hsa-mir-648
241903,hsa-mir-3178
6253,hsa-mir-1304
10184653,hsa-mir-676
36314,hsa-mir-608
176870,hsa-mir-3196
24360,hsa-mir-506
3657,hsa-mir-491
3657,hsa-mir-92b
4891,hsa-mir-335
38904,hsa-mir-1292
444732,hsa-mir-654
444732,hsa-mir-615
5360373,hsa-mir-549a
123631,hsa-mir-3184
97226,hsa-mir-376b
37542,hsa-let-7i
784,hsa-mir-589
5311272,hsa-mir-370
64971,hsa-mir-1914
3385,hsa-mir-1178
460612,hsa-mir-3163
5284583,hsa-mir-15a
969516,hsa-mir-492
2578,hsa-mir-204
104842,hsa-let-7f-1
241903,hsa-mir-1200
97226,hsa-mir-503
657237,hsa-mir-4711
37542,hsa-mir-107
60750,hsa-mir-631
41867,hsa-mir-1228
54671203,hsa-mir-3960
60700,hsa-mir-513c
54671203,hsa-mir-331
5291,hsa-mir-1229
37542,hsa-mir-558
216345,hsa-mir-569
216239,hsa-mir-1204
5311,hsa-mir-3065
5746,hsa-mir-620
9915743,hsa-mir-579
2733526,hsa-mir-1277
126941,hsa-mir-635
444732,hsa-mir-3200
65348,hsa-mir-4707
36462,hsa-mir-410
5311,hsa-mir-578
44259,hsa-mir-378b
148124,hsa-mir-563
4212,hsa-mir-3139
10184653,hsa-mir-337
460612,hsa-mir-1256
31703,hsa-mir-598
60780,hsa-mir-4800
11626560,hsa-mir-340
216239,hsa-mir-30e
5311,hsa-mir-190a
57347814,hsa-let-7a-1
784,hsa-mir-1825
442972,hsa-mir-487a
5311272,hsa-mir-184
176870,hsa-mir-551b
5311,hsa-mir-1253
97226,hsa-mir-134
444732,hsa-mir-320a
5865,hsa-mir-520b
45266826,hsa-mir-4669
42611257,hsa-mir-96
2733526,hsa-mir-661
3006531,hsa-mir-502
11226684,hsa-mir-3681
5291,hsa-mir-411
123631,hsa-mir-4653
11626560,hsa-mir-34a
44259,hsa-mir-6134
60780,hsa-mir-3620
6253,hsa-mir-569
123631,hsa-mir-429
56842234,hsa-mir-410
969516,hsa-mir-3193
54671203,hsa-mir-1976
3657,hsa-mir-383
24360,hsa-mir-337
2767,hsa-mir-589
37542,hsa-mir-1470
57347814,hsa-mir-192
2051,hsa-mir-216b
5291,hsa-mir-149
60606,hsa-mir-320a
387447,hsa-mir-203a
44259,hsa-mir-613
60750,hsa-mir-578
97226,hsa-mir-1178
5746,hsa-mir-3193
23725625,hsa-mir-670
123631,hsa-mir-1261
5310940,hsa-mir-888
24978538,hsa-mir-3117
11226684,hsa-mir-122
64971,hsa-mir-200b
460612,hsa-mir-500a
11626560,hsa-mir-23a
6505803,hsa-mir-601
5360373,hsa-mir-4428
54671203,hsa-mir-449b
24360,hsa-mir-508
448013,hsa-mir-1237
97226,hsa-mir-23c
5978,hsa-mir-132
65064,hsa-mir-597
30323,hsa-mir-517b
241903,hsa-mir-3117
448013,hsa-mir-24-2
56842234,hsa-mir-4711
65064,hsa-mir-3621
4212,hsa-mir-762
285033,hsa-mir-196b
25183872,hsa-mir-466
5865,hsa-mir-582
5284583,hsa-mir-3149
24978538,hsa-mir-934
2051,hsa-mir-1913
126941,hsa-mir-657
2578,hsa-mir-1246
91820602,hsa-mir-16-1
43815,hsa-mir-93
3062316,hsa-mir-606
2733526,hsa-mir-376c
5743,hsa-mir-29c
24978538,hsa-mir-10a
442972,hsa-mir-500a
60780,hsa-mir-670
5755,hsa-mir-382
3385,hsa-mir-198
3006531,hsa-mir-375
123631,hsa-mir-4655
6505803,hsa-mir-422a
65064,hsa-mir-1264
36314,hsa-mir-1288
91820602,hsa-mir-4467
5746,hsa-mir-708
24801581,hsa-mir-95
444732,hsa-mir-1301
104741,hsa-mir-500a
2733526,hsa-mir-3153
24978538,hsa-mir-766
5284583,hsa-mir-185
45266826,hsa-mir-7-1
60780,hsa-mir-1225
636397,hsa-mir-630
60953,hsa-mir-1306
444795,hsa-mir-558
11228183,hsa-mir-155
122724,hsa-mir-4324
452548,hsa-mir-1288
2767,hsa-mir-487b
11228183,hsa-mir-199b
442972,hsa-mir-3620
57347814,hsa-mir-500a
43815,hsa-mir-4791
9915743,hsa-mir-4447
5865,hsa-mir-26b
10635,hsa-mir-4497
3385,hsa-mir-1225
24360,hsa-mir-622
6505803,hsa-mir-558
31703,hsa-mir-4473
44259,hsa-mir-340
24978538,hsa-mir-608
1548943,hsa-mir-149
104842,hsa-mir-4646
44259,hsa-mir-182
60606,hsa-mir-636
444795,hsa-mir-938
5311,hsa-mir-21
10184653,hsa-mir-3117
442972,hsa-mir-939
23725625,hsa-mir-208a
11626560,hsa-mir-619
43815,hsa-mir-1181
387447,hsa-mir-4653
5311,hsa-mir-132
2520,hsa-mir-627
91820602,hsa-mir-4788
3657,hsa-mir-302a
57347814,hsa-mir-4749
2907,hsa-mir-3660
24978538,hsa-mir-362
216239,hsa-mir-582
3101,hsa-mir-3937
122724,hsa-mir-34b
5360373,hsa-mir-3194
10635,hsa-mir-181d
60780,hsa-mir-365b
2520,hsa-mir-4675
657237,hsa-mir-149
3006531,hsa-mir-587
10184653,hsa-mir-412
11226684,hsa-mir-4731
4891,hsa-mir-769
38904,hsa-mir-4467
5360373,hsa-mir-208a
1548943,hsa-mir-4483
126941,hsa-mir-4430
24801581,hsa-mir-2467
2907,hsa-mir-190a
657237,hsa-mir-33a
285033,hsa-mir-660
657237,hsa-mir-222
5394,hsa-mir-320e
5284616,hsa-mir-4521
3657,hsa-mir-4478
44259,hsa-mir-676
784,hsa-mir-1287
444795,hsa-mir-1307
1548943,hsa-mir-1256
11626560,hsa-mir-934
122724,hsa-mir-940
9826528,hsa-mir-513b
38904,hsa-mir-500a
5360373,hsa-mir-3161
65064,hsa-mir-643
24978538,hsa-mir-1228
460612,hsa-mir-132
42611257,hsa-mir-495
64971,hsa-mir-603
24180719,hsa-mir-630
11226684,hsa-mir-631
387447,hsa-mir-140
5284583,hsa-mir-4487
41867,hsa-mir-188
452548,hsa-mir-520g
5291,hsa-let-7g
2520,hsa-mir-4492
636397,hsa-mir-10b
42611257,hsa-mir-619
24180719,hsa-mir-3126
5978,hsa-mir-4745
36462,hsa-mir-130b
45266826,hsa-mir-1224
25183872,hsa-mir-26b
23725625,hsa-mir-1-1
784,hsa-mir-616
123631,hsa-mir-933
123631,hsa-mir-887
5284583,hsa-mir-675
122724,hsa-mir-944
2907,hsa-mir-582
636397,hsa-mir-1270
5394,hsa-mir-519d
23725625,hsa-mir-3184
25183872,hsa-mir-190b
444795,hsa-mir-4448
72301,hsa-mir-4279
11226684,hsa-mir-378a
37542,hsa-mir-1299
45266826,hsa-mir-621
5311272,hsa-mir-380
23725625,hsa-mir-1236
4891,hsa-mir-1253
5311272,hsa-mir-337
5291,hsa-mir-545
36314,hsa-mir-4465
44259,hsa-mir-216b
5755,hsa-mir-4787
1548943,hsa-mir-335
148124,hsa-mir-1202
2051,hsa-mir-345
1548943,hsa-mir-621
444795,hsa-mir-498
148124,hsa-mir-933
97226,hsa-mir-628
285033,hsa-mir-597
30323,hsa-mir-543
5394,hsa-mir-431
5284583,hsa-mir-451a
44259,hsa-mir-3679
36314,hsa-mir-3665
176870,hsa-mir-1307
4212,hsa-mir-525
4891,hsa-mir-130b
5329102,hsa-mir-448
24801581,hsa-mir-190b
122724,hsa-mir-1288
122724,hsa-mir-639
6253,hsa-let-7b
54671203,hsa-mir-523
2051,hsa-mir-3131
784,hsa-mir-1306
9903,hsa-mir-147a
2051,hsa-mir-4521
5755,hsa-mir-24-2
148124,hsa-mir-133b
97226,hsa-mir-570
444732,hsa-mir-4669
5394,hsa-mir-3154
91820602,hsa-mir-4640
25183872,hsa-mir-449c
36314,hsa-mir-4728
104741,hsa-mir-3937
60750,hsa-mir-374a
41867,hsa-mir-548b
2578,hsa-mir-302d
4891,hsa-mir-4674
65348,hsa-mir-320a
285033,hsa-mir-4695
176870,hsa-let-7i
104741,hsa-mir-24-2
5291,hsa-mir-758
176870,hsa-mir-2114
11226684,hsa-mir-301a
5311272,hsa-mir-1292
60750,hsa-mir-106b
11626560,hsa-mir-3187
45266826,hsa-mir-1914
42611257,hsa-mir-877
2051,hsa-mir-1290
636397,hsa-mir-1281
5743,hsa-mir-608
442972,hsa-mir-618
60750,hsa-mir-889
9931953,hsa-mir-7-3
6505803,hsa-mir-765
241903,hsa-mir-520d
216345,hsa-mir-4521
24360,hsa-mir-1914
11626560,hsa-mir-15a
9915743,hsa-mir-889
60953,hsa-mir-18b
5280961,hsa-mir-1290
10184653,hsa-mir-188
10184653,hsa-mir-924
5291,hsa-mir-568
444795,hsa-mir-510
36314,hsa-mir-4297
54671203,hsa-mir-1179
37542,hsa-mir-3611
3657,hsa-mir-93
5978,hsa-mir-655
4212,hsa-mir-499a
5755,hsa-mir-34a
5360373,hsa-mir-1292
5284616,hsa-mir-487a
3385,hsa-mir-376b
54671203,hsa-mir-636
2578,hsa-mir-4787
2907,hsa-mir-188
2907,hsa-mir-4286
45266826,hsa-mir-381
9826528,hsa-mir-1179
657237,hsa-mir-1228
657237,hsa-mir-31
60606,hsa-mir-383
3006531,hsa-mir-93
11226684,hsa-mir-4687
37542,hsa-mir-598
241903,hsa-mir-1204
5746,hsa-mir-4426
23725625,hsa-mir-1256
3006531,hsa-mir-361
23725625,hsa-mir-106b
444732,hsa-mir-4485
460612,hsa-mir-326
2733526,hsa-mir-363
126941,hsa-mir-98
104842,hsa-let-7b
41867,hsa-mir-494
148124,hsa-mir-3679
5311272,hsa-mir-378b
30323,hsa-mir-494
5329102,hsa-mir-640
31703,hsa-mir-616
2907,hsa-mir-1267
97226,hsa-mir-193a
3657,hsa-mir-139
444732,hsa-mir-31
38904,hsa-mir-639
57347814,hsa-mir-1253
44259,hsa-mir-1224
43815,hsa-mir-802
969516,hsa-mir-96
636397,hsa-mir-1207
2733526,hsa-mir-33b
104741,hsa-mir-145
3101,hsa-mir-620
452548,hsa-mir-3660
123631,hsa-mir-944
5755,hsa-mir-4492
23725625,hsa-mir-30e
156413,hsa-mir-615
5394,hsa-mir-654
241903,hsa-mir-23a
25183872,hsa-mir-144
60700,hsa-mir-1228
5329102,hsa-mir-3126
442972,hsa-mir-25
3101,hsa-mir-563
42611257,hsa-mir-134
123631,hsa-mir-302a
72301,hsa-mir-30e
2520,hsa-mir-16-2
65348,hsa-mir-517c
5394,hsa-mir-493
38904,hsa-mir-940
5360373,hsa-mir-4484
5978,hsa-mir-1976
176870,hsa-mir-4653
4212,hsa-mir-4653
10184653,hsa-mir-143
3657,hsa-mir-374c
1548943,hsa-mir-328
1548943,hsa-mir-106b
156413,hsa-mir-4763
25183872,hsa-mir-3186
64971,hsa-mir-3651
56842234,hsa-mir-500a
4212,hsa-mir-365a
5360373,hsa-mir-3144
5360373,hsa-mir-376c
24360,hsa-mir-499a
11626560,hsa-mir-520a
442972,hsa-mir-498
5394,hsa-mir-4485
5284583,hsa-mir-4711
36462,hsa-mir-1911
216239,hsa-mir-433
24180719,hsa-mir-429
44259,hsa-mir-581
148124,hsa-mir-570
36462,hsa-mir-378b
9931953,hsa-mir-543
148124,hsa-mir-181c
636397,hsa-mir-1182
3006531,hsa-mir-503
10635,hsa-mir-1206
5743,hsa-mir-3167
123631,hsa-mir-571
123631,hsa-mir-513c
156413,hsa-mir-320e
24180719,hsa-mir-10a
38904,hsa-mir-30d
11228183,hsa-mir-4487
969516,hsa-mir-581
5755,hsa-mir-197
65064,hsa-mir-361
3062316,hsa-mir-3660
216239,hsa-mir-4279
9915743,hsa-mir-125a
24360,hsa-mir-4284
285033,hsa-mir-98
5743,hsa-mir-489
56842234,hsa-mir-217
41867,hsa-mir-614
43815,hsa-mir-4707
9915743,hsa-mir-3200
36462,hsa-mir-4297
784,hsa-mir-24-2
6505803,hsa-mir-496
5329102,hsa-mir-3611
3101,hsa-mir-1247
126941,hsa-mir-585
5311,hsa-mir-27b
5311272,hsa-mir-642a
56842234,hsa-mir-92b
44259,hsa-mir-593
448013,hsa-let-7a-2
36314,hsa-mir-425
444795,hsa-mir-490
3062316,hsa-mir-143
784,hsa-mir-598
36462,hsa-mir-152
38904,hsa-mir-381
636397,hsa-mir-1911
5311,hsa-mir-661
25183872,hsa-mir-542
5311,hsa-mir-188
123631,hsa-mir-363
10184653,hsa-mir-147b
644241,hsa-mir-504
5284583,hsa-mir-2278
65064,hsa-mir-367
636397,hsa-mir-15a
5329102,hsa-mir-4749
5865,hsa-mir-626
2733526,hsa-mir-190a
31703,hsa-mir-548c
5755,hsa-let-7g
24180719,hsa-mir-34c
2051,hsa-mir-296
5311272,hsa-mir-3141
636397,hsa-mir-593
5360373,hsa-mir-625
5310940,hsa-mir-1825
657237,hsa-mir-4646
156413,hsa-mir-154
448013,hsa-mir-205
57347814,hsa-mir-182
97226,hsa-mir-532
65348,hsa-mir-1229
43815,hsa-mir-6134
5284616,hsa-mir-4728
784,hsa-mir-758
1548943,hsa-mir-2116
5329102,hsa-mir-647
97226,hsa-mir-371b
36462,hsa-mir-3149
5280961,hsa-mir-10b
241903,hsa-mir-610
5280961,hsa-mir-2682
5310940,hsa-mir-210
104741,hsa-mir-370
5360373,hsa-mir-3619
9826528,hsa-mir-4286
4212,hsa-mir-718
452548,hsa-mir-657
2051,hsa-mir-4653
444732,hsa-mir-3960
176870,hsa-mir-1470
2767,hsa-mir-1183
42611257,hsa-mir-298
3062316,hsa-let-7c
784,hsa-mir-143
104741,hsa-mir-2355
448013,hsa-mir-766
65348,hsa-mir-212
636397,hsa-mir-1234
43815,hsa-mir-190b
11226684,hsa-mir-95
969516,hsa-mir-4455
104842,hsa-mir-647
4891,hsa-mir-520h
460612,hsa-mir-299
444795,hsa-mir-302d
43815,hsa-mir-4492
3062316,hsa-mir-146a
5284616,hsa-mir-206
241903,hsa-mir-449c
36462,hsa-mir-4800
4891,hsa-mir-208a
60700,hsa-mir-500b
2907,hsa-mir-125a
9903,hsa-mir-20a
122724,hsa-mir-202
9826528,hsa-mir-520g
2520,hsa-mir-4638
9903,hsa-mir-504
969516,hsa-mir-433
9915743,hsa-mir-374c
37542,hsa-mir-144
42611257,hsa-mir-9-1
24180719,hsa-mir-93
148124,hsa-mir-204
5746,hsa-mir-502
387447,hsa-mir-18a
387447,hsa-mir-940
176870,hsa-mir-145
444795,hsa-mir-296
176870,hsa-mir-1246
60953,hsa-mir-320a
5329102,hsa-mir-3139
6505803,hsa-mir-4706
65064,hsa-mir-431
25183872,hsa-mir-142
5284583,hsa-mir-490
241903,hsa-mir-346
41867,hsa-mir-545
91820602,hsa-mir-647
11228183,hsa-mir-665
9931953,hsa-mir-421
285033,hsa-mir-1468
444732,hsa-mir-1261
444732,hsa-mir-3167
24801581,hsa-mir-1297
60606,hsa-mir-1-1
5755,hsa-mir-518d
5978,hsa-mir-4653
36462,hsa-mir-517c
31703,hsa-mir-608
38904,hsa-mir-337
9931953,hsa-mir-19a
5746,hsa-mir-510
5329102,hsa-mir-433
10184653,hsa-mir-4501
5746,hsa-mir-2114
5291,hsa-mir-577
5743,hsa-mir-676
784,hsa-mir-4644
72301,hsa-mir-663a
2733526,hsa-mir-130a
3006531,hsa-let-7a-2
644241,hsa-mir-676
156413,hsa-mir-20b
5865,hsa-mir-4483
4891,hsa-mir-204
126941,hsa-mir-642a
3006531,hsa-mir-613
60780,hsa-mir-574
4212,hsa-mir-222
24180719,hsa-mir-518c
42611257,hsa-mir-338
31703,hsa-mir-625
10184653,hsa-mir-1228
2767,hsa-mir-543
5865,hsa-mir-4783
448013,hsa-mir-610
104842,hsa-mir-378a
10635,hsa-mir-20a
3101,hsa-mir-569
65064,hsa-mir-568
24978538,hsa-let-7b
452548,hsa-mir-378f
38904,hsa-mir-137
1548943,hsa-mir-4261
126941,hsa-mir-497
148124,hsa-mir-647
9903,hsa-mir-524
6253,hsa-mir-652
387447,hsa-mir-378a
969516,hsa-mir-34b
60953,hsa-mir-3960
442972,hsa-mir-363
24978538,hsa-mir-520g
91820602,hsa-mir-3141
104842,hsa-mir-892b
24180719,hsa-mir-542
36462,hsa-mir-628
24978538,hsa-mir-432
2578,hsa-mir-4716
216345,hsa-mir-1250
3062316,hsa-mir-148b
784,hsa-mir-582
60780,hsa-mir-33a
65064,hsa-mir-520g
23725625,hsa-mir-15a
3385,hsa-mir-520g
5865,hsa-mir-4521
6505803,hsa-mir-211
30323,hsa-mir-15b
5746,hsa-mir-412
5865,hsa-mir-589
11228183,hsa-mir-328
42611257,hsa-mir-369
448013,hsa-mir-876
36462,hsa-mir-4508
442972,hsa-mir-346
10635,hsa-mir-658
969516,hsa-mir-411
3062316,hsa-mir-378g
5329102,hsa-mir-95
41867,hsa-mir-217
5394,hsa-mir-576
6505803,hsa-mir-588
5311272,hsa-mir-340
5284583,hsa-mir-936
3657,hsa-mir-513b
60700,hsa-mir-519d
91820602,hsa-mir-149
444732,hsa-mir-637
11226684,hsa-mir-491
784,hsa-mir-577
2051,hsa-mir-557
3062316,hsa-mir-338
5284616,hsa-mir-1908
64971,hsa-mir-342
2520,hsa-mir-1539
60953,hsa-mir-216a
65064,hsa-mir-585
60606,hsa-mir-933
448013,hsa-mir-30b
60953,hsa-let-7c
24978538,hsa-mir-603
91820602,hsa-mir-4443
37542,hsa-mir-378f
2907,hsa-mir-3651
176870,hsa-mir-4732
31703,hsa-mir-3153
65348,hsa-let-7a-1
104842,hsa-mir-621
3101,hsa-mir-137
644241,hsa-mir-3164
9915743,hsa-mir-4488
3385,hsa-mir-302d
644241,hsa-mir-506
104741,hsa-mir-196b
5743,hsa-mir-1297
5329102,hsa-mir-541
37542,hsa-mir-523
5394,hsa-mir-767
5746,hsa-mir-760
23725625,hsa-mir-1225
148124,hsa-mir-4783
5394,hsa-mir-626
60780,hsa-mir-4467
60606,hsa-mir-215
442972,hsa-mir-323a
784,hsa-mir-590
636397,hsa-mir-2861
65348,hsa-mir-374c
5284583,hsa-mir-1290
5755,hsa-mir-4501
5743,hsa-mir-4791
285033,hsa-mir-4791
9915743,hsa-mir-302b
5310940,hsa-mir-4701
156413,hsa-mir-633
57347814,hsa-mir-16-2
2907,hsa-mir-539
56842234,hsa-mir-26b
104741,hsa-mir-4535
2767,hsa-mir-4669
5865,hsa-mir-3194
5865,hsa-mir-4447
30323,hsa-mir-3178
56842234,hsa-mir-4646
148124,hsa-mir-498
37542,hsa-mir-449c
9903,hsa-mir-1258
2767,hsa-mir-606
444732,hsa-mir-4725
444795,hsa-mir-1287
5329102,hsa-mir-1915
5284583,hsa-mir-619
24978538,hsa-mir-340
5865,hsa-mir-1183
636397,hsa-mir-924
24360,hsa-mir-1204
10635,hsa-mir-4286
5755,hsa-mir-613
56842234,hsa-mir-4463
241903,hsa-mir-1281
636397,hsa-mir-502
5280961,hsa-mir-505
44259,hsa-mir-301b
24978538,hsa-mir-874
30323,hsa-mir-922
36462,hsa-mir-524
452548,hsa-mir-921
57347814,hsa-mir-200a
2520,hsa-mir-671
5755,hsa-mir-744
5284616,hsa-mir-3127
24978538,hsa-mir-518d
31703,hsa-mir-595
65064,hsa-mir-3187
241903,hsa-mir-661
2733526,hsa-mir-637
65064,hsa-mir-633
644241,hsa-mir-642a
60700,hsa-mir-920
442972,hsa-mir-494
42611257,hsa-mir-614
65064,hsa-mir-3620
45266826,hsa-mir-1178
36314,hsa-mir-3660
3062316,hsa-mir-676
285033,hsa-mir-4448
4891,hsa-mir-3200
644241,hsa-mir-645
460612,hsa-mir-519c
5865,hsa-mir-7-1
60606,hsa-mir-671
2733526,hsa-mir-340
5360373,hsa-mir-4324
65348,hsa-mir-1539
42611257,hsa-mir-1234
216239,hsa-mir-3162
9826528,hsa-mir-33a
448013,hsa-mir-569
54671203,hsa-mir-4731
123631,hsa-mir-4646
6253,hsa-mir-4443
387447,hsa-mir-2113
97226,hsa-mir-326
636397,hsa-mir-216a
64971,hsa-mir-1258
24801581,hsa-mir-485
241903,hsa-mir-668
148124,hsa-mir-619
5329102,hsa-mir-3147
442972,hsa-mir-1200
5284616,hsa-mir-4535
104741,hsa-mir-4758
657237,hsa-mir-1250
10184653,hsa-mir-323a
657237,hsa-mir-921
9903,hsa-mir-4485
9826528,hsa-mir-601
36462,hsa-mir-30e
5291,hsa-mir-1301
2907,hsa-mir-1265
65064,hsa-mir-4725
24801581,hsa-mir-885
10635,hsa-mir-920
122724,hsa-mir-3621
65064,hsa-mir-4763
9826528,hsa-mir-4687
3101,hsa-mir-1202
65064,hsa-mir-718
6253,hsa-mir-376b
60780,hsa-mir-3184
5978,hsa-let-7d
25183872,hsa-mir-18a
5311272,hsa-mir-877
4891,hsa-mir-1913
11226684,hsa-mir-520c
57347814,hsa-mir-518d
9931953,hsa-mir-1321
444732,hsa-mir-483
285033,hsa-mir-4476
91820602,hsa-mir-1303
60700,hsa-mir-4478
387447,hsa-mir-1296
5311,hsa-mir-568
23725625,hsa-mir-376b
3062316,hsa-mir-637
45266826,hsa-mir-4476
60700,hsa-mir-586
5360373,hsa-mir-181d
2051,hsa-mir-1204
2578,hsa-mir-144
123631,hsa-mir-449b
122724,hsa-mir-4783
60780,hsa-mir-587
4212,hsa-mir-1264
241903,hsa-mir-4723
148124,hsa-mir-3665
9903,hsa-mir-4685
9826528,hsa-mir-625
65064,hsa-mir-4675
6505803,hsa-mir-491
60953,hsa-mir-146b
5329102,hsa-mir-2355
9931953,hsa-mir-618
91820602,hsa-mir-1913
5329102,hsa-mir-367
30323,hsa-mir-4476
156413,hsa-mir-148a
9915743,hsa-mir-339
5280961,hsa-mir-622
285033,hsa-mir-603
37542,hsa-mir-429
448013,hsa-mir-301a
5311272,hsa-mir-3183
11626560,hsa-mir-1296
56842234,hsa-mir-523
5284583,hsa-mir-760
9915743,hsa-mir-642a
216345,hsa-mir-2113
24801581,hsa-mir-668
38904,hsa-mir-3154
65348,hsa-mir-3660
5978,hsa-mir-1297
24180719,hsa-mir-518b
387447,hsa-mir-222
11626560,hsa-mir-1267
452548,hsa-mir-661
60606,hsa-mir-302d
11626560,hsa-mir-637
452548,hsa-mir-4749
25183872,hsa-mir-4644
60750,hsa-mir-2116
156413,hsa-mir-618
9826528,hsa-mir-381
43815,hsa-mir-154
60700,hsa-mir-4749
45266826,hsa-mir-1264
1548943,hsa-mir-4653
4891,hsa-mir-186
387447,hsa-mir-363
5394,hsa-mir-139
5311,hsa-mir-622
122724,hsa-mir-452
3385,hsa-mir-135b
448013,hsa-mir-4455
4212,hsa-mir-4707
11626560,hsa-mir-4257
37542,hsa-mir-198
57347814,hsa-mir-889
45266826,hsa-mir-1229
24801581,hsa-mir-1470
5311,hsa-mir-320a
24978538,hsa-mir-1229
148124,hsa-mir-874
5311272,hsa-mir-95
11626560,hsa-mir-196b
38904,hsa-mir-4783
156413,hsa-mir-942
969516,hsa-mir-4685
9903,hsa-mir-3153
91820602,hsa-mir-411
122724,hsa-mir-609
5284616,hsa-mir-4258
3657,hsa-mir-25
636397,hsa-mir-432
5329102,hsa-mir-4478
452548,hsa-mir-24-2
5280961,hsa-mir-382
5284616,hsa-mir-633
969516,hsa-mir-22
11626560,hsa-mir-1261
25183872,hsa-mir-378a
38904,hsa-mir-1197
5291,hsa-mir-4448
11626560,hsa-mir-7-1
442972,hsa-mir-4638
38904,hsa-mir-1301
65348,hsa-mir-4653
5394,hsa-mir-3183
5746,hsa-mir-107
2767,hsa-mir-650
3062316,hsa-mir-197
24801581,hsa-mir-3162
60953,hsa-mir-505
1548943,hsa-mir-152
2520,hsa-let-7f-2
9903,hsa-mir-410
2051,hsa-mir-3611
23725625,hsa-mir-3665
60606,hsa-mir-518f
5311,hsa-mir-31
43815,hsa-let-7f-2
216239,hsa-mir-205
5291,hsa-mir-206
444732,hsa-mir-520a
148124,hsa-mir-4501
2733526,hsa-mir-216b
2520,hsa-mir-3161
9931953,hsa-mir-345
11626560,hsa-mir-3193
25183872,hsa-mir-572
122724,hsa-mir-127
969516,hsa-mir-611
444732,hsa-mir-598
24360,hsa-mir-610
5978,hsa-mir-3153
23725625,hsa-mir-30b
60606,hsa-mir-543
5755,hsa-mir-6134
104741,hsa-mir-302b
122724,hsa-mir-4646
65064,hsa-mir-576
122724,hsa-mir-140
216239,hsa-mir-190b
11228183,hsa-mir-555
24360,hsa-mir-517c
216345,hsa-mir-17
2520,hsa-mir-519c
45266826,hsa-mir-320e
9903,hsa-mir-301b
5978,hsa-mir-665
126941,hsa-mir-3187
176870,hsa-mir-214
460612,hsa-mir-4763
448013,hsa-mir-378a
442972,hsa-mir-491
969516,hsa-mir-520e
25183872,hsa-mir-940
148124,hsa-mir-3620
44259,hsa-mir-4455
2578,hsa-mir-1297
5311272,hsa-mir-193a
444795,hsa-mir-935
6253,hsa-mir-210
11226684,hsa-mir-762
5310940,hsa-mir-18a
5755,hsa-mir-1301
3101,hsa-mir-744
5755,hsa-mir-192
5311,hsa-mir-3168
2578,hsa-mir-98
285033,hsa-mir-889
657237,hsa-mir-331
3006531,hsa-mir-4443
5755,hsa-mir-324
216345,hsa-mir-518d
24360,hsa-mir-3126
11228183,hsa-mir-648
24360,hsa-mir-376c
97226,hsa-mir-1-1
10635,hsa-mir-551b
64971,hsa-mir-541
104741,hsa-mir-1913
5743,hsa-let-7f-2
5746,hsa-mir-376b
91820602,hsa-mir-3183
11226684,hsa-mir-657
4212,hsa-mir-4487
5280961,hsa-mir-3065
65064,hsa-mir-99a
104741,hsa-mir-106a
5284616,hsa-mir-4288
2767,hsa-mir-3146
38904,hsa-mir-1267
6505803,hsa-mir-342
60606,hsa-mir-346
3657,hsa-mir-630
104741,hsa-mir-508
9903,hsa-mir-626
31703,hsa-mir-1183
5865,hsa-mir-186
4212,hsa-mir-606
6253,hsa-mir-1915
72301,hsa-mir-33b
5329102,hsa-mir-892b
2520,hsa-mir-1248
10184653,hsa-mir-718
5755,hsa-mir-3175
784,hsa-mir-760
4891,hsa-mir-299
1548943,hsa-mir-643
25183872,hsa-mir-1538
10635,hsa-mir-122
9826528,hsa-mir-519e
60700,hsa-mir-630
65348,hsa-mir-526b
5329102,hsa-mir-760
3101,hsa-mir-1261
44259,hsa-mir-3187
54671203,hsa-mir-520b
784,hsa-mir-940
11226684,hsa-mir-4448
45266826,hsa-mir-3126
442972,hsa-mir-676
657237,hsa-mir-21
5284583,hsa-mir-122
636397,hsa-mir-942
2578,hsa-mir-141
43815,hsa-mir-4447
5755,hsa-mir-152
5291,hsa-mir-889
122724,hsa-mir-331
123631,hsa-mir-3163
11226684,hsa-mir-718
37542,hsa-mir-924
97226,hsa-mir-3654
11626560,hsa-mir-483
5743,hsa-mir-570
442972,hsa-mir-920
9931953,hsa-mir-33b
448013,hsa-mir-1202
3101,hsa-mir-3065
11228183,hsa-mir-4535
5284583,hsa-mir-500a
11626560,hsa-mir-151a
6505803,hsa-mir-338
216239,hsa-mir-889
65064,hsa-mir-1234
636397,hsa-mir-370
216345,hsa-mir-99b
10184653,hsa-mir-1292
2907,hsa-mir-95
23725625,hsa-mir-4258
5284583,hsa-mir-377
60780,hsa-mir-4428
3657,hsa-mir-412
24801581,hsa-mir-3144
57347814,hsa-mir-28
3062316,hsa-mir-548b
57347814,hsa-mir-4324
9826528,hsa-mir-154
65348,hsa-mir-3193
5743,hsa-mir-1470
65064,hsa-mir-1246
5743,hsa-mir-505
31703,hsa-mir-1270
24978538,hsa-mir-497
9903,hsa-mir-499a
9931953,hsa-mir-4646
2907,hsa-let-7e
104741,hsa-mir-28
3101,hsa-mir-520b
65348,hsa-mir-34b
126941,hsa-mir-545
5311,hsa-mir-659
60953,hsa-mir-520d
5755,hsa-mir-455
5978,hsa-mir-498
36314,hsa-mir-1303
3006531,hsa-mir-889
122724,hsa-mir-338
23725625,hsa-mir-935
460612,hsa-mir-2278
91820602,hsa-mir-548m
123631,hsa-mir-1911
2051,hsa-mir-155
65348,hsa-mir-611
36462,hsa-mir-1915
57347814,hsa-mir-4711
38904,hsa-mir-144
10635,hsa-mir-618
60700,hsa-mir-199b
1548943,hsa-mir-3117
42611257,hsa-mir-30e
6253,hsa-mir-23a
11228183,hsa-mir-487b
36462,hsa-mir-1468
5360373,hsa-mir-3168
5978,hsa-mir-636
56842234,hsa-mir-2116
148124,hsa-mir-362
784,hsa-mir-1226
30323,hsa-mir-450b
5311,hsa-mir-338
156413,hsa-mir-16-2
5284616,hsa-mir-197
2520,hsa-mir-500b
65064,hsa-mir-650
60780,hsa-mir-1229
448013,hsa-mir-1238
104741,hsa-mir-767
72301,hsa-mir-610
54671203,hsa-mir-302a
24801581,hsa-mir-1911
5284616,hsa-mir-1256
657237,hsa-mir-622
2520,hsa-mir-3162
11626560,hsa-mir-29c
41867,hsa-mir-143
5743,hsa-mir-302d
6505803,hsa-mir-378b
3006531,hsa-mir-616
1548943,hsa-mir-655
64971,hsa-mir-1207
636397,hsa-mir-4791
784,hsa-mir-487a
104741,hsa-mir-873
2051,hsa-mir-767
60953,hsa-mir-629
65348,hsa-mir-19a
5329102,hsa-mir-99a
657237,hsa-mir-769
241903,hsa-mir-151a
448013,hsa-mir-383
3006531,hsa-mir-367
5360373,hsa-mir-28
3062316,hsa-mir-4285
65348,hsa-mir-602
45266826,hsa-mir-378i
636397,hsa-mir-938
104741,hsa-mir-572
65348,hsa-mir-1307
38904,hsa-mir-1181
5329102,hsa-mir-4319
2520,hsa-mir-1281
65348,hsa-mir-1249
65064,hsa-mir-676
64971,hsa-mir-4448
11226684,hsa-mir-551b
241903,hsa-mir-934
44259,hsa-mir-622
448013,hsa-mir-549a
784,hsa-mir-1236
5360373,hsa-mir-216a
37542,hsa-mir-4783
104842,hsa-mir-205
104741,hsa-mir-1307
38904,hsa-mir-660
45266826,hsa-mir-497
56842234,hsa-mir-532
91820602,hsa-mir-892b
9915743,hsa-mir-126
30323,hsa-mir-1207
5746,hsa-mir-4695
41867,hsa-mir-4288
5280961,hsa-mir-3168
3657,hsa-mir-3147
36462,hsa-mir-1290
460612,hsa-mir-3168
784,hsa-mir-629
148124,hsa-mir-1-1
5394,hsa-mir-487a
123631,hsa-mir-4516
123631,hsa-mir-3168
3657,hsa-mir-3178
3006531,hsa-mir-631
60606,hsa-mir-4476
9826528,hsa-mir-3679
72301,hsa-mir-373
30323,hsa-mir-1292
4212,hsa-mir-558
43815,hsa-mir-4665
9903,hsa-mir-639
36462,hsa-mir-143
2578,hsa-mir-378a
56842234,hsa-let-7f-2
11226684,hsa-mir-640
5865,hsa-mir-4478
5755,hsa-mir-137
442972,hsa-mir-942
5280961,hsa-mir-4716
60606,hsa-mir-513c
5394,hsa-mir-520h
5746,hsa-mir-320a
2907,hsa-mir-585
11226684,hsa-mir-769
148124,hsa-mir-520a
5291,hsa-mir-376c
5311272,hsa-mir-1307
65348,hsa-mir-606
5284616,hsa-mir-3188
65348,hsa-let-7g
97226,hsa-mir-1291
3657,hsa-mir-2277
216239,hsa-mir-4758
216345,hsa-mir-34a
5310940,hsa-mir-6134
91820602,hsa-mir-1225
4891,hsa-mir-655
444795,hsa-mir-382
9903,hsa-mir-1237
2520,hsa-mir-1267
64971,hsa-mir-569
2051,hsa-mir-4492
5284616,hsa-mir-4722
24978538,hsa-mir-127
442972,hsa-mir-660
387447,hsa-mir-190a
5755,hsa-mir-922
65064,hsa-mir-1291
64971,hsa-mir-622
60606,hsa-mir-151a
122724,hsa-mir-802
460612,hsa-mir-224
43815,hsa-mir-1197
460612,hsa-mir-505
60953,hsa-let-7f-2
5310940,hsa-mir-132
5743,hsa-mir-3149
5284616,hsa-mir-4488
24360,hsa-mir-346
122724,hsa-mir-494
5329102,hsa-mir-503
969516,hsa-mir-498
216345,hsa-mir-34b
784,hsa-mir-4289
54671203,hsa-mir-374a
23725625,hsa-mir-1281
60700,hsa-mir-134
3657,hsa-mir-431
24801581,hsa-mir-3186
241903,hsa-mir-4501
636397,hsa-mir-584
54671203,hsa-mir-1288
2520,hsa-mir-4723
176870,hsa-mir-216a
2907,hsa-mir-127
31703,hsa-mir-671
5311,hsa-mir-934
9915743,hsa-mir-4791
72301,hsa-let-7g
460612,hsa-mir-330
64971,hsa-mir-383
2520,hsa-mir-608
5394,hsa-mir-3679
45266826,hsa-mir-624
148124,hsa-mir-324
11626560,hsa-mir-3163
65348,hsa-mir-4492
5755,hsa-mir-3065
176870,hsa-mir-380
2907,hsa-mir-3127
9931953,hsa-mir-889
3062316,hsa-mir-4501
3006531,hsa-mir-4454
122724,hsa-mir-4713
30323,hsa-mir-4430
5311272,hsa-mir-649
969516,hsa-mir-3147
5291,hsa-mir-557
6253,hsa-mir-196b
31703,hsa-mir-4447
5284583,hsa-mir-148b
31703,hsa-mir-4713
60780,hsa-mir-490
452548,hsa-mir-520c
60953,hsa-mir-645
216239,hsa-mir-3674
64971,hsa-mir-497
5865,hsa-mir-629
36314,hsa-mir-876
5746,hsa-mir-339
1548943,hsa-mir-662
10635,hsa-mir-4478
9915743,hsa-mir-489
241903,hsa-mir-519b
2733526,hsa-mir-621
636397,hsa-mir-3131
45266826,hsa-mir-1301
6505803,hsa-mir-493
5865,hsa-mir-563
216345,hsa-mir-198
36462,hsa-mir-4674
5311,hsa-mir-520g
2578,hsa-mir-1292
5394,hsa-mir-4297
2520,hsa-mir-4497
41867,hsa-mir-4466
44259,hsa-mir-136
784,hsa-mir-520h
5280961,hsa-mir-760
56842234,hsa-mir-301b
60700,hsa-mir-370
156413,hsa-mir-4426
448013,hsa-mir-106b
11228183,hsa-mir-410
42611257,hsa-mir-483
5291,hsa-mir-603
36314,hsa-mir-532
123631,hsa-mir-3131
5746,hsa-mir-198
10184653,hsa-mir-1973
11226684,hsa-mir-126
460612,hsa-mir-545
11228183,hsa-mir-655
122724,hsa-mir-762
44259,hsa-mir-216a
216239,hsa-mir-3178
969516,hsa-mir-1303
91820602,hsa-mir-1249
5743,hsa-mir-147a
5746,hsa-mir-564
5394,hsa-mir-4750
60953,hsa-mir-3065
1548943,hsa-mir-1973
9826528,hsa-mir-3621
41867,hsa-mir-3074
11226684,hsa-mir-4674
5743,hsa-mir-661
442972,hsa-mir-1234
24978538,hsa-mir-609
5280961,hsa-mir-3651
241903,hsa-mir-30e
2907,hsa-mir-1299
11626560,hsa-mir-365a
241903,hsa-mir-374a
9931953,hsa-mir-152
4891,hsa-let-7c
60750,hsa-mir-616
122724,hsa-mir-302c
5743,hsa-mir-654
126941,hsa-let-7g
97226,hsa-mir-1299
65064,hsa-mir-196b
11626560,hsa-mir-1292
5743,hsa-mir-4707
5743,hsa-mir-769
64971,hsa-mir-450b
24180719,hsa-mir-601
37542,hsa-mir-627
657237,hsa-mir-20a
9826528,hsa-mir-4701
57347814,hsa-mir-4311
24978538,hsa-mir-95
97226,hsa-mir-139
5394,hsa-mir-4476
11226684,hsa-mir-642a
448013,hsa-mir-1179
9826528,hsa-mir-622
60750,hsa-mir-539
448013,hsa-mir-598
126941,hsa-mir-627
10184653,hsa-mir-650
56842234,hsa-mir-593
784,hsa-mir-3178
444732,hsa-mir-1181
969516,hsa-mir-140
64971,hsa-let-7g
60780,hsa-mir-3200
60953,hsa-mir-1247
442972,hsa-mir-877
3062316,hsa-mir-492
10184653,hsa-mir-1197
104842,hsa-mir-517b
42611257,hsa-mir-933
460612,hsa-mir-148b
56842234,hsa-mir-767
2907,hsa-mir-10a
784,hsa-mir-3620
3062316,hsa-mir-411
91820602,hsa-mir-4689
6253,hsa-mir-548b
11626560,hsa-mir-1250
36462,hsa-mir-765
2051,hsa-mir-18a
30323,hsa-mir-4710
5743,hsa-mir-3161
97226,hsa-mir-640
60700,hsa-mir-615
54671203,hsa-mir-297
24360,hsa-mir-579
216239,hsa-mir-378b
2520,hsa-mir-365a
216345,hsa-mir-487b
30323,hsa-mir-365b
148124,hsa-mir-1224
11626560,hsa-mir-4485
2767,hsa-mir-4685
5865,hsa-mir-655
9931953,hsa-mir-326
216239,hsa-mir-769
60606,hsa-mir-4478
442972,hsa-mir-490
60953,hsa-mir-1296
4212,hsa-mir-1290
156413,hsa-mir-4653
